externalId,firstName,lastName
user-1,John,Doe
user-2,Jane,Doe
user-3,John,Smith
user-4,Jane,Smith
user-5,John,Johnson
user-6,Jane,Johnson
user-7,John,Williams
user-8,Jane,Williams
user-9,John,Jones
user-10,Jane,Jones
user-11,John,Brown
user-12,Jane,Brown
user-13,John,Davis
user-14,Jane,Davis
user-15,John,Miller
user-16,Jane,Miller
user-17,John,Wilson
user-18,Jane,Wilson
user-19,John,Moore
user-20,Jane,Moore
user-21,John,Taylor
user-22,Jane,Taylor
user-23,John,Anderson
user-24,Jane,Anderson
user-25,John,Thomas
user-26,Jane,Thomas
user-27,John,Jackson
user-28,Jane,Jackson
user-29,John,White
user-30,Jane,White
user-31,John,Harris
user-32,Jane,Harris
user-33,John,Martin
user-34,Jane,Martin
user-35,John,Thompson
user-36,Jane,Thompson
user-37,John,Garcia
user-38,Jane,Garcia
user-39,John,Martinez
user-40,Jane,Martinez
user-41,John,Robinson
user-42,Jane,Robinson
user-43,John,Clark
user-44,Jane,Clark
user-45,John,Rodriguez
user-46,Jane,Rodriguez
user-47,John,Lewis
user-48,Jane,Lewis
user-49,John,Lee
user-50,Jane,Lee
user-51,John,Walker
user-52,Jane,Walker
user-53,John,Hall
user-54,Jane,Hall
user-55,John,Allen
user-56,Jane,Allen
user-57,John,Young
user-58,Jane,Young
user-59,John,Hernandez
user-60,Jane,Hernandez
user-61,John,King
user-62,Jane,King
user-63,John,Wright
user-64,Jane,Wright
user-65,John,Lopez
user-66,Jane,Lopez
user-67,John,Hill
user-68,Jane,Hill
user-69,John,Scott
user-70,Jane,Scott
user-71,John,Green
user-72,Jane,Green
user-73,John,Adams
user-74,Jane,Adams
user-75,John,Baker
user-76,Jane,Baker
user-77,John,Gonzalez
user-78,Jane,Gonzalez
user-79,John,Nelson
user-80,Jane,Nelson
user-81,John,Carter
user-82,Jane,Carter
user-83,John,Mitchell
user-84,Jane,Mitchell
user-85,John,Perez
user-86,Jane,Perez
user-87,John,Roberts
user-88,Jane,Roberts
user-89,John,Turner
user-90,Jane,Turner
user-91,John,Phillips
user-92,Jane,Phillips
user-93,John,Campbell
user-94,Jane,Campbell
user-95,John,Parker
user-96,Jane,Parker
user-97,John,Evans
user-98,Jane,Evans
user-99,John,Edwards
user-100,Jane,Edwards